<?xml version="1.0" encoding="UTF-8"?>

<!--Copyright (c) 2012 by Subset Games. All rights reserved.-->
<img x="-52" y="-83" w="439" h="419" />
<offsets>
	<floor x="46" y="77" />
	<cloak x="219" y="209" />
</offsets>
<weaponMounts>
	<mount x="402" y="106" rotate="true" mirror="true" gib="-1" slide="no" />
	<mount x="411" y="183" rotate="true" mirror="true" gib="-1" slide="no" />
	<mount x="419" y="257" rotate="true" mirror="false" gib="-1" slide="no" />
	<mount x="407" y="341" rotate="true" mirror="false" gib="-1" slide="no" />
	<mount x="467" y="117" rotate="true" mirror="false" gib="-1" slide="no" />
	<mount x="466" y="299" rotate="true" mirror="false" gib="-1" slide="no" />
</weaponMounts>
<explosion />

