<?xml version="1.0" encoding="UTF-8"?>

<!--Copyright (c) 2012 by Subset Games. All rights reserved.-->
<img x="-76" y="-82" w="470" h="467" />
<offsets>
	<floor x="69" y="76" />
	<cloak x="235" y="233" />
</offsets>
<weaponMounts>
	<mount x="436" y="105" rotate="true" mirror="true" gib="-1" slide="up" />
	<mount x="441" y="334" rotate="true" mirror="false" gib="-1" slide="down" />
	<mount x="438" y="181" rotate="true" mirror="true" gib="-1" slide="no" />
	<mount x="444" y="272" rotate="true" mirror="true" gib="-1" slide="no" />
	<mount x="496" y="148" rotate="true" mirror="true" gib="-1" slide="no" />
	<mount x="496" y="331" rotate="true" mirror="true" gib="-1" slide="no" />
	<mount x="510" y="413" rotate="true" mirror="true" gib="-1" slide="no" />
</weaponMounts>
<explosion />

