<?xml version="1.0" encoding="UTF-8"?>

<!--Copyright (c) 2012 by Subset Games. All rights reserved.-->
<img x="-87" y="-62" w="530" h="537" />
<offsets>
	<floor x="81" y="56" />
	<cloak x="265" y="268" />
</offsets>
<weaponMounts>
	<mount x="453" y="155" rotate="true" mirror="true" gib="-1" slide="up" />
	<mount x="449" y="391" rotate="true" mirror="false" gib="-1" slide="down" />
	<mount x="467" y="62" rotate="true" mirror="true" gib="-1" slide="up" />
	<mount x="462" y="485" rotate="true" mirror="false" gib="-1" slide="down" />
	<mount x="524" y="196" rotate="true" mirror="true" gib="-1" slide="no" />
	<mount x="524" y="380" rotate="true" mirror="true" gib="-1" slide="no" />
	<mount x="537" y="461" rotate="true" mirror="true" gib="-1" slide="no" />
	<mount x="537" y="115" rotate="true" mirror="true" gib="-1" slide="no" />
</weaponMounts>
<explosion />


