<?xml version="1.0" encoding="UTF-8"?>

<!--Copyright (c) 2012 by Subset Games. All rights reserved.-->
<img x="12" y="-248" w="447" h="671" />
<offsets>
	<floor x="-14" y="246" />
	<cloak x="-6" y="-8" />
</offsets>
<weaponMounts>
	<mount x="287" y="396" rotate="true" mirror="false" gib="-1" slide="down" />
	<mount x="287" y="275" rotate="true" mirror="true" gib="-1" slide="up" />
	<mount x="220" y="176" rotate="true" mirror="true" gib="-1" slide="right" />
	<mount x="220" y="496" rotate="true" mirror="false" gib="-1" slide="right" />
	<mount x="272" y="331" rotate="true" mirror="false" gib="-1" slide="no" />
	<mount x="25" y="411" rotate="true" mirror="false" gib="-1" slide="no" />
	<mount x="25" y="261" rotate="true" mirror="true" gib="-1" slide="no" />
	<mount x="46" y="329" rotate="true" mirror="false" gib="-1" slide="no" />
</weaponMounts>
<explosion />

