<?xml version="1.0" encoding="UTF-8"?>

<!--Copyright (c) 2012 by Subset Games. All rights reserved.-->
<img x="3" y="-36" w="416" h="564" />
<offsets>
	<floor x="-9" y="30" />
	<cloak x="-8" y="-8" />
</offsets>
<weaponMounts>
	<mount x="257" y="-25" rotate="true" mirror="false" gib="-1" slide="up" />
	<mount x="257" y="564" rotate="true" mirror="false" gib="-1" slide="down" />
	<mount x="380" y="62" rotate="true" mirror="false" gib="-1" slide="down" />
	<mount x="380" y="490" rotate="true" mirror="false" gib="-1" slide="up" />
	<mount x="403" y="277" rotate="true" mirror="true" gib="-1" slide="right" />
</weaponMounts>
<explosion />

