<?xml version="1.0" encoding="UTF-8"?>

<!--Copyright (c) 2012 by Subset Games. All rights reserved.-->
<img x="-32" y="-36" w="420" h="564" />
<offsets>
	<floor x="26" y="30" />
	<cloak x="-8" y="-7" />
</offsets>
<weaponMounts>
	<mount x="259" y="-5" rotate="true" mirror="false" gib="-1" slide="up" />
	<mount x="259" y="557" rotate="true" mirror="false" gib="-1" slide="down" />
	<mount x="382" y="54" rotate="true" mirror="false" gib="-1" slide="down" />
	<mount x="382" y="499" rotate="true" mirror="false" gib="-1" slide="up" />
	<mount x="405" y="275" rotate="true" mirror="true" gib="-1" slide="right" />
</weaponMounts>
<explosion />

