<?xml version="1.0" encoding="UTF-8"?>

<!--Copyright (c) 2012 by Subset Games. All rights reserved.-->
<img x="-105" y="-40" w="403" h="395" />
<offsets>
	<floor x="201" y="197" />
	<cloak x="201" y="197" />
</offsets>
<weaponMounts>
	<mount x="278" y="13" rotate="true" mirror="false" gib="-1" slide="up" />
	<mount x="279" y="347" rotate="true" mirror="false" gib="-1" slide="down" />
	<mount x="259" y="123" rotate="true" mirror="false" gib="-1" slide="right" />
	<mount x="258" y="269" rotate="true" mirror="false" gib="-1" slide="right" />
</weaponMounts>
<explosion />

