<?xml version="1.0" encoding="UTF-8"?>

<!--Copyright (c) 2012 by Subset Games. All rights reserved.-->
<img x="-215" y="-15" w="591" h="380" />
<offsets>
	<floor x="209" y="9" />
	<cloak x="-25" y="-25" />
</offsets>
<weaponMounts>
	<mount x="456" y="48" rotate="true" mirror="true" gib="-1" slide="up" />
	<mount x="440" y="334" rotate="true" mirror="false" gib="-1" slide="down" />
	<mount x="291" y="1" rotate="true" mirror="true" gib="-1" slide="up" />
</weaponMounts>
<explosion />

