<?xml version="1.0" encoding="UTF-8"?>

<!--Copyright (c) 2012 by Subset Games. All rights reserved.-->
<img x="-53" y="-38" w="440" h="325" />
<offsets>
	<floor x="45" y="30" />
	<cloak x="-10" y="-10" />
</offsets>
<weaponMounts>
	<mount x="330" y="69" rotate="true" mirror="true" gib="-1" slide="up" />
	<mount x="337" y="290" rotate="true" mirror="false" gib="-1" slide="down" />
	<mount x="199" y="31" rotate="true" mirror="true" gib="-1" slide="up" />
	<mount x="244" y="289" rotate="true" mirror="false" gib="-1" slide="down" />
</weaponMounts>
<explosion />

