<?xml version="1.0" encoding="UTF-8"?>

<!--Copyright (c) 2012 by Subset Games. All rights reserved.-->
<img x="-59" y="-7" w="512" h="366" />
<offsets>
	<floor x="53" y="1" />
	<cloak x="-25" y="-25" />
</offsets>
<weaponMounts>
	<mount x="469" y="92" rotate="true" mirror="true" gib="-1" slide="up" />
	<mount x="469" y="274" rotate="true" mirror="false" gib="-1" slide="down" />
	<mount x="349" y="10" rotate="true" mirror="true" gib="-1" slide="up" />
	<mount x="349" y="359" rotate="true" mirror="false" gib="-1" slide="down" />
</weaponMounts>
<explosion />

