<?xml version="1.0" encoding="UTF-8"?>

<!--Copyright (c) 2012 by Subset Games. All rights reserved.-->
<img x="-63" y="-10" w="511" h="371" />
<offsets>
	<floor x="57" y="4" />
	<cloak x="-25" y="-25" />
</offsets>
<weaponMounts>
	<mount x="436" y="67" rotate="true" mirror="true" gib="-1" slide="up" />
	<mount x="436" y="304" rotate="true" mirror="false" gib="-1" slide="down" />
	<mount x="326" y="2" rotate="true" mirror="true" gib="-1" slide="up" />
	<mount x="326" y="370" rotate="true" mirror="false" gib="-1" slide="down" />
	<mount x="524" y="160" rotate="true" mirror="false" gib="-1" slide="no" />
</weaponMounts>
<explosion />

