<?xml version="1.0" encoding="UTF-8"?>

<!--Copyright (c) 2012 by Subset Games. All rights reserved.-->
<img x="-78" y="-58" w="656" h="362" />
<offsets>
	<floor x="74" y="54" />
	<cloak x="0" y="0" />
</offsets>
<weaponMounts>
	<mount x="299" y="89" rotate="true" mirror="true" gib="-1" slide="up" />
	<mount x="299" y="274" rotate="true" mirror="false" gib="-1" slide="down" />
	<mount x="430" y="95" rotate="true" mirror="true" gib="-1" slide="up" />
	<mount x="430" y="267" rotate="true" mirror="false" gib="-1" slide="down" />
	<mount x="493" y="177" rotate="true" mirror="false" gib="-1" slide="no" />
</weaponMounts>
<explosion />

