<?xml version="1.0" encoding="UTF-8"?>

<!--Copyright (c) 2012 by Subset Games. All rights reserved.-->
<img x="-156" y="-92" w="643" h="464" />
<offsets>
	<floor x="152" y="88" />
	<cloak x="0" y="0" />
</offsets>
<weaponMounts>
	<mount x="342" y="100" rotate="true" mirror="true" gib="-1" slide="up" />
	<mount x="342" y="365" rotate="true" mirror="false" gib="-1" slide="down" />
	<mount x="549" y="176" rotate="true" mirror="false" gib="-1" slide="down" />
	<mount x="548" y="288" rotate="true" mirror="true" gib="-1" slide="up" />
</weaponMounts>
<explosion />

