<?xml version="1.0" encoding="UTF-8"?>

<!--Copyright (c) 2012 by Subset Games. All rights reserved.-->
<img x="-59" y="-112" w="700" h="500" />
<offsets>
	<floor x="55" y="108" />
	<cloak x="0" y="0" />
</offsets>
<weaponMounts>
	<mount x="165" y="127" rotate="true" mirror="true" gib="-1" slide="up" />
	<mount x="164" y="379" rotate="true" mirror="false" gib="-1" slide="down" />
	<mount x="364" y="175" rotate="true" mirror="true" gib="-1" slide="up" />
	<mount x="364" y="330" rotate="true" mirror="false" gib="-1" slide="down" />
</weaponMounts>
<explosion />

