<?xml version="1.0" encoding="UTF-8"?>

<!--Copyright (c) 2012 by Subset Games. All rights reserved.-->
<img x="-42" y="-45" w="458" h="510" />
<offsets>
	<floor x="42" y="44" />
	<cloak x="-71" y="-45" />
</offsets>
<weaponMounts>
	<mount x="250" y="1" rotate="true" mirror="true" gib="-1" slide="right" />
	<mount x="238" y="512" rotate="true" mirror="false" gib="-1" slide="right" />
	<mount x="146" y="510" rotate="true" mirror="false" gib="-1" slide="right" />
	<mount x="151" y="0" rotate="true" mirror="true" gib="-1" slide="right" />
	<mount x="431" y="181" rotate="true" mirror="true" gib="-1" slide="right" />
	<mount x="431" y="329" rotate="true" mirror="false" gib="-1" slide="right" />
	<mount x="385" y="416" rotate="true" mirror="false" gib="-1" slide="right" />
	<mount x="385" y="94" rotate="true" mirror="true" gib="-1" slide="right" />
</weaponMounts>
<explosion />

