<?xml version="1.0" encoding="UTF-8"?>

<!--Copyright (c) 2012 by Subset Games. All rights reserved.-->
<img x="-184" y="-118" w="750" h="450" />
<offsets>
	<floor x="177" y="112" />
	<cloak x="375" y="225" />
</offsets>
<weaponMounts>
	<mount x="361" y="102" rotate="true" mirror="true" gib="-1" slide="right" />
	<mount x="571" y="102" rotate="true" mirror="true" gib="-1" slide="right" />
	<mount x="569" y="345" rotate="true" mirror="false" gib="-1" slide="right" />
	<mount x="360" y="345" rotate="true" mirror="false" gib="-1" slide="right" />
</weaponMounts>
<explosion />

