<?xml version='1.0' encoding='utf-8'?>



<img x="-48" y="-10" w="511" h="371" />
<offsets>
	<floor x="42" y="4" />
	<cloak x="-25" y="-25" />
</offsets>
<weaponMounts>
	<mount x="403" y="67" rotate="true" mirror="true" gib="4" slide="up" />
	<mount x="403" y="304" rotate="true" mirror="false" gib="1" slide="down" />
	<mount x="267" y="1" rotate="true" mirror="true" gib="5" slide="up" />
	<mount x="267" y="370" rotate="true" mirror="false" gib="2" slide="down" />
	<mount x="495" y="186" rotate="true" mirror="true" gib="4" slide="no" />
</weaponMounts>
<explosion><gib1><velocity min="0.44999999999999996" max="1.5" /><direction min="236" max="252" /><angular min="-1.261098915718752" max="1.261098915718752" /><x>318</x><y>225</y></gib1><gib2><velocity min="0.1" max="0.32892171652414265" /><direction min="187" max="203" /><angular min="-0.4951446928541579" max="0.4951446928541579" /><x>174</x><y>191</y></gib2><gib3><velocity min="0.12056023317554217" max="0.4018674439184739" /><direction min="78" max="94" /><angular min="-0.5598470306824558" max="0.5598470306824558" /><x>53</x><y>90</y></gib3><gib4><velocity min="0.13970149661510733" max="0.46567165538369115" /><direction min="270" max="286" /><angular min="-0.47035428968391796" max="0.47035428968391796" /><x>291</x><y>66</y></gib4><gib5><velocity min="0.1" max="0.2064560981596713" /><direction min="341" max="357" /><angular min="-0.38063123657317244" max="0.38063123657317244" /><x>153</x><y>0</y></gib5><gib6><velocity min="0.2310071061835465" max="0.7700236872784884" /><direction min="48" max="64" /><angular min="-0.6055933556939785" max="0.6055933556939785" /><x>0</x><y>0</y></gib6><gib7><velocity min="0.2560538921965914" max="0.853512973988638" /><direction min="117" max="133" /><angular min="-0.6616675973754015" max="0.6616675973754015" /><x>0</x><y>221</y></gib7></explosion>

