<?xml version="1.0" encoding="UTF-8"?>

<!--Copyright (c) 2012 by Subset Games. All rights reserved.-->
<img x="-67" y="-120" w="566" h="454" />
<offsets>
	<floor x="62" y="114" />
	<cloak x="-30" y="-30" />
</offsets>
<weaponMounts>
	<mount x="461" y="164" rotate="true" mirror="true" gib="4" slide="up" />
	<mount x="461" y="290" rotate="true" mirror="false" gib="2" slide="down" />
	<mount x="369" y="136" rotate="true" mirror="true" gib="4" slide="up" />
	<mount x="369" y="318" rotate="true" mirror="false" gib="1" slide="down" />
</weaponMounts>
<explosion>
	<gib1>
		<velocity min="0.10" max="0.32" />
		<direction min="157" max="173" />
		<angular min="-0.47" max="0.47" />
		<x>135</x>
		<y>222</y>
	</gib1>
	<gib2>
		<velocity min="0.21" max="0.69" />
		<direction min="255" max="271" />
		<angular min="-0.71" max="0.71" />
		<x>325</x>
		<y>169</y>
	</gib2>
	<gib3>
		<velocity min="0.22" max="0.73" />
		<direction min="85" max="101" />
		<angular min="-0.84" max="0.84" />
		<x>47</x>
		<y>150</y>
	</gib3>
	<gib4>
		<velocity min="0.15" max="0.49" />
		<direction min="272" max="288" />
		<angular min="-0.79" max="0.79" />
		<x>285</x>
		<y>127</y>
	</gib4>
	<gib5>
		<velocity min="0.39" max="1.30" />
		<direction min="49" max="65" />
		<angular min="-1.04" max="1.04" />
		<x>0</x>
		<y>52</y>
	</gib5>
	<gib6>
		<velocity min="0.11" max="0.38" />
		<direction min="14" max="30" />
		<angular min="-0.54" max="0.54" />
		<x>135</x>
		<y>0</y>
	</gib6>
	<gib7>
		<velocity min="0.37" max="1.24" />
		<direction min="115" max="131" />
		<angular min="-1.03" max="1.03" />
		<x>0</x>
		<y>277</y>
	</gib7>
</explosion>

