<?xml version='1.0' encoding='utf-8'?>



<img x="-16" y="-25" w="504" h="299" />
<offsets>
	<floor x="12" y="19" />
	<cloak x="-21" y="-22" />
</offsets>
<weaponMounts>
	<mount x="451" y="109" rotate="true" mirror="true" gib="3" slide="up" />
	<mount x="376" y="57" rotate="true" mirror="true" gib="5" slide="up" />
	<mount x="411" y="219" rotate="true" mirror="false" gib="3" slide="down" />
</weaponMounts>
<explosion><gib1><velocity min="0.2944021479700698" max="0.981340493233566" /><direction min="108" max="124" /><angular min="-0.7160996008363428" max="0.7160996008363428" /><x>3</x><y>168</y></gib1><gib2><velocity min="0.1" max="0.2966145696090473" /><direction min="122" max="138" /><angular min="-0.45676527643064985" max="0.45676527643064985" /><x>87</x><y>121</y></gib2><gib3><velocity min="0.20338556453990517" max="0.6779518817996839" /><direction min="265" max="281" /><angular min="-0.561167796231474" max="0.561167796231474" /><x>332</x><y>63</y></gib3><gib4><velocity min="0.20689600893754423" max="0.6896533631251475" /><direction min="70" max="86" /><angular min="-0.5243423799582463" max="0.5243423799582463" /><x>0</x><y>12</y></gib4><gib5><velocity min="0.10897615499033193" max="0.3632538499677731" /><direction min="289" max="305" /><angular min="-0.513007659574468" max="0.513007659574468" /><x>262</x><y>8</y></gib5><gib6><velocity min="0.1" max="0.24661182640435858" /><direction min="20" max="36" /><angular min="-0.4357642704297032" max="0.4357642704297032" /><x>105</x><y>0</y></gib6><gib7><velocity min="0.1356434179208572" max="0.45214472640285736" /><direction min="196" max="212" /><angular min="-0.6954772014029904" max="0.6954772014029904" /><x>201</x><y>165</y></gib7></explosion>

