<?xml version="1.0" encoding="UTF-8"?>

<!--Copyright (c) 2012 by Subset Games. All rights reserved.-->
<img x="-72" y="-27" w="501" h="437" />
<offsets>
	<floor x="66" y="21" />
	<cloak x="-9" y="-10" />
</offsets>
<weaponMounts>
	<mount x="419" y="335" rotate="true" mirror="false" gib="-1" slide="down" />
	<mount x="434" y="101" rotate="true" mirror="true" gib="-1" slide="up" />
</weaponMounts>
<thrusters sync="true">
    <thruster x="-104" y="156" irotate="true">siren_leech_thruster</thruster>
</thrusters>
<mv-hullAnims sync="true">
	<hullAnim x="385" y="96">siren_leech_column</hullAnim>
	<hullAnim x="84" y="18">siren_leech_band_left</hullAnim>
	<hullAnim x="84" y="390">siren_leech_band_right</hullAnim>
	<hullAnim x="273" y="189">siren_leech_band_center</hullAnim>
	<!-- <hullAnim x="312" y="150"  rotate="1">siren_leech_band_center</hullAnim> -->
</mv-hullAnims>
<explosion />

