<?xml version="1.0" encoding="UTF-8"?>

<!--Copyright (c) 2012 by Subset Games. All rights reserved.-->
<img x="-24" y="-65" w="488" h="410" />
<offsets>
	<floor x="18" y="59" />
	<cloak x="-50" y="-50" />
</offsets>
<weaponMounts>
	<mount x="364" y="364" rotate="true" mirror="false" gib="-1" slide="down" />
	<mount x="294" y="401" rotate="true" mirror="false" gib="-1" slide="down" />
	<mount x="367" y="43" rotate="true" mirror="true" gib="-1" slide="up" />
	<mount x="294" y="8" rotate="true" mirror="true" gib="-1" slide="up" />
</weaponMounts>
<explosion />

