<?xml version="1.0" encoding="UTF-8"?>

<!--Copyright (c) 2012 by Subset Games. All rights reserved.-->
<img x="-24" y="-60" w="470" h="400" />
<offsets>
	<floor x="21" y="54" />
	<cloak x="0" y="0" />
</offsets>
<weaponMounts>
	<mount x="294" y="80" rotate="true" mirror="true" gib="-1" slide="up" />
	<mount x="292" y="321" rotate="true" mirror="false" gib="-1" slide="down" />
	<mount x="212" y="368" rotate="true" mirror="false" gib="-1" slide="down" />
</weaponMounts>
<explosion />

