<?xml version="1.0" encoding="UTF-8"?>

<!--Copyright (c) 2012 by Subset Games. All rights reserved.-->
<img x="-131" y="-95" w="624" h="400" />
<offsets>
	<floor x="125" y="89" />
	<cloak x="0" y="0" />
</offsets>
<weaponMounts>
	<mount x="504" y="64" rotate="true" mirror="true" gib="-1" slide="up" />
	<mount x="504" y="338" rotate="true" mirror="false" gib="-1" slide="down" />
	<mount x="432" y="66" rotate="true" mirror="true" gib="-1" slide="up" />
	<mount x="432" y="336" rotate="true" mirror="false" gib="-1" slide="down" />
</weaponMounts>
<explosion />

