<?xml version="1.0" encoding="UTF-8"?>

<!--Copyright (c) 2012 by Subset Games. All rights reserved.-->
<img x="-233" y="-105" w="650" h="420" />
<offsets>
	<floor x="227" y="99" />
	<cloak x="0" y="0" />
</offsets>
<weaponMounts>
	<mount x="389" y="86" rotate="true" mirror="true" gib="-1" slide="up" />
</weaponMounts>
<explosion />
<thrusters sync="true">
    <thruster x="229" y="106">ace_autocutter_thruster</thruster>
    <thruster x="229" y="272">ace_autocutter_thruster</thruster>
</thrusters>
