<?xml version="1.0" encoding="UTF-8"?>

<!--Copyright (c) 2012 by Subset Games. All rights reserved.-->
<img x="-171" y="-36" w="630" h="423" />
<offsets>
	<floor x="165" y="30" />
	<cloak x="2" y="11" />
</offsets>
<weaponMounts>
	<mount x="534" y="55" rotate="true" mirror="true" gib="-1" slide="up" />
	<mount x="534" y="368" rotate="true" mirror="false" gib="-1" slide="down" />
	<mount x="360" y="21" rotate="true" mirror="true" gib="-1" slide="up" />
</weaponMounts>
<explosion />

