<?xml version="1.0" encoding="UTF-8"?>

<!--Copyright (c) 2012 by Subset Games. All rights reserved.-->
<img x="-81" y="-9" w="440" h="228" />
<offsets>
	<floor x="75" y="3" />
	<cloak x="-8" y="-8" /> <!-- brick_a_cloak.png -->

</offsets>
<weaponMounts>
	<mount x="381" y="2" rotate="true" mirror="true" gib="2" slide="up" />
	<mount x="381" y="226" rotate="true" mirror="false" gib="2" slide="down" />
	<mount x="183" y="2" rotate="true" mirror="true" gib="1" slide="up" />
	<mount x="183" y="226" rotate="true" mirror="false" gib="1" slide="down" />
	<mount x="331" y="116" rotate="true" mirror="false" gib="-1" slide="down" />
</weaponMounts>
<explosion>
	<gib1>
		<velocity min="0.35" max="0.62" />
		<direction min="37" max="148" />
		<angular min="-0.00" max="0.00" />
		<x>0</x>
		<y>0</y>
	</gib1>
	<gib2>
		<velocity min="0.32" max="0.61" />
		<direction min="228" max="321" />
		<angular min="0.00" max="0.00" />
		<x>0</x>
		<y>0</y>
	</gib2>
</explosion>

