<?xml version="1.0" encoding="UTF-8"?>

<!--Copyright (c) 2012 by Subset Games. All rights reserved.-->
<img x="-73" y="-83" w="630" h="376" />
<offsets>
	<floor x="70" y="80" />
	<cloak x="0" y="0" />
</offsets>
<weaponMounts>
	<mount x="504" y="123" rotate="true" mirror="true" gib="6" slide="up" />
	<mount x="504" y="253" rotate="true" mirror="false" gib="6" slide="down" />
	<mount x="259" y="25" rotate="true" mirror="true" gib="4" slide="up" />
	<mount x="259" y="351" rotate="true" mirror="false" gib="5" slide="down" />
	<mount x="504" y="188" rotate="true" mirror="false" gib="-1" slide="no" />
</weaponMounts>
<explosion>
	<gib1>
		<velocity min="0.60" max="1.00" />
		<direction min="60" max="120" />
		<angular min="-0.40" max="-0.10" />
		<x>8</x>
		<y>95</y>
	</gib1>
	<gib2>
		<velocity min="0.00" max="0.40" />
		<direction min="0" max="90" />
		<angular min="-0.40" max="0.00" />
		<x>19</x>
		<y>102</y>
	</gib2>
	<gib3>
		<velocity min="0.00" max="0.50" />
		<direction min="230" max="310" />
		<angular min="-0.20" max="0.20" />
		<x>118</x>
		<y>93</y>
	</gib3>
	<gib4>
		<velocity min="0.50" max="1.00" />
		<direction min="-40" max="90" />
		<angular min="-0.50" max="1.00" />
		<x>24</x>
		<y>8</y>
	</gib4>
	<gib5>
		<velocity min="0.40" max="1.00" />
		<direction min="120" max="200" />
		<angular min="-0.20" max="1.00" />
		<x>24</x>
		<y>249</y>
	</gib5>
	<gib6>
		<velocity min="1.00" max="1.00" />
		<direction min="270" max="270" />
		<angular min="0.00" max="0.00" />
		<x>355</x>
		<y>84</y>
	</gib6>
</explosion>


<thrusters sync="true">
    <thruster x="25" y="42">ips_civilian_cruiser_thruster_large</thruster>
    <thruster x="25" y="298">ips_civilian_cruiser_thruster_large</thruster>
    <thruster x="132" y="114">ips_civilian_cruiser_thruster_small</thruster>
    <thruster x="132" y="247">ips_civilian_cruiser_thruster_small</thruster>
</thrusters>