<?xml version="1.0" encoding="UTF-8"?>

<!--Copyright (c) 2012 by Subset Games. All rights reserved.-->
<img x="-156" y="-128" w="630" h="537" />
<offsets>
	<floor x="153" y="125" />
	<cloak x="0" y="0" />
</offsets>
<weaponMounts>
	<mount x="507" y="220" rotate="true" mirror="true" gib="6" slide="up" />
	<mount x="507" y="317" rotate="true" mirror="false" gib="6" slide="down" />
	<mount x="472" y="142" rotate="true" mirror="false" gib="1" slide="right" />
	<mount x="472" y="395" rotate="true" mirror="true" gib="2" slide="right" />
</weaponMounts>
<explosion>
	<gib1>
		<velocity min="0.10" max="0.30" />
		<direction min="350" max="320" />
		<angular min="-0.30" max="0.30" />
		<x>320</x>
		<y>25</y>
	</gib1>
	<gib2>
		<velocity min="0.30" max="0.60" />
		<direction min="160" max="190" />
		<angular min="0.20" max="0.60" />
		<x>99</x>
		<y>323</y>
	</gib2>
	<gib3>
		<velocity min="0.10" max="0.30" />
		<direction min="15" max="45" />
		<angular min="-0.30" max="0.30" />
		<x>25</x>
		<y>25</y>
	</gib3>
	<gib4>
		<velocity min="0.20" max="0.50" />
		<direction min="80" max="110" />
		<angular min="-0.20" max="0.20" />
		<x>25</x>
		<y>194</y>
	</gib4>
	<gib5>
		<velocity min="0.10" max="0.30" />
		<direction min="350" max="320" />
		<angular min="-0.30" max="0.30" />
		<x>204</x>
		<y>93</y>
	</gib5>
	<gib6>
		<velocity min="0.30" max="0.60" />
		<direction min="250" max="280" />
		<angular min="0.20" max="0.60" />
		<x>454</x>
		<y>220</y>
	</gib6>
</explosion>

