<?xml version="1.0" encoding="UTF-8"?>
<FTL>
	<img x="-136" y="-74" w="647" h="428" />

	<offsets>
		<floor x="133" y="71" />
		<cloak x="0" y="0" />
	</offsets>

	<weaponMounts>
		<mount x="533" y="131" rotate="true" mirror="true" gib="6" slide="up" />
		<mount x="532" y="297" rotate="true" mirror="false" gib="6" slide="down" />
		<mount x="358" y="87" rotate="true" mirror="true" gib="3" slide="up" />
		<mount x="357" y="341" rotate="true" mirror="false" gib="5" slide="down" />
		<mount x="358" y="214" rotate="true" mirror="false" gib="-1" slide="no" />
	</weaponMounts>

	<explosion>
		<gib1>
			<velocity min="0.40" max="0.70" />
			<direction min="20" max="50" />
			<angular min="-0.40" max="-0.10" />
			<x>25</x>
			<y>25</y>
		</gib1>
		<gib2>
			<velocity min="0.20" max="0.50" />
			<direction min="80" max="110" />
			<angular min="-0.20" max="0.20" />
			<x>53</x>
			<y>107</y>
		</gib2>
		<gib3>
			<velocity min="0.10" max="0.30" />
			<direction min="350" max="320" />
			<angular min="-0.30" max="0.30" />
			<x>210</x>
			<y>76</y>
		</gib3>
		<gib4>
			<velocity min="0.30" max="0.60" />
			<direction min="160" max="190" />
			<angular min="0.20" max="0.60" />
			<x>25</x>
			<y>299</y>
		</gib4>
		<gib5>
			<velocity min="0.30" max="0.60" />
			<direction min="180" max="210" />
			<angular min="-0.20" max="0.20" />
			<x>260</x>
			<y>113</y>
		</gib5>
		<gib6>
			<velocity min="0.30" max="0.60" />
			<direction min="250" max="280" />
			<angular min="0.20" max="0.60" />
			<x>455</x>
			<y>127</y>
		</gib6>
	</explosion>
	
	<thrusters sync="true">
		<thruster x="16" y="44">ips_militia_thruster_main</thruster>
		<thruster x="16" y="318">ips_militia_thruster_main</thruster>
		<thruster x="283" y="88">ips_militia_thruster_left</thruster>
		<thruster x="283" y="303">ips_militia_thruster_right</thruster>
		<thruster x="38" y="172">ips_militia_thruster_small</thruster>
		<thruster x="38" y="231">ips_militia_thruster_small</thruster>
	</thrusters>
</FTL>