<?xml version="1.0" encoding="UTF-8"?>

<!--Copyright (c) 2012 by Subset Games. All rights reserved.-->
<img x="-65" y="-40" w="600" h="400" />
<offsets>
	<floor x="58" y="34" />
	<cloak x="27" y="29" />
</offsets>
<weaponMounts>
	<mount x="455" y="136" rotate="true" mirror="false" gib="4" slide="down" />
	<mount x="455" y="267" rotate="true" mirror="true" gib="3" slide="up" />
	<mount x="455" y="37" rotate="true" mirror="true" gib="4" slide="up" />
</weaponMounts>
<explosion>
	<gib1>
		<velocity min="0.00" max="0.00" />
		<direction min="0" max="0" />
		<angular min="0.21" max="-0.21" />
		<x>65</x>
		<y>140</y>
	</gib1>
	<gib2>
		<velocity min="0.53" max="0.90" />
		<direction min="8" max="84" />
		<angular min="0.39" max="-0.39" />
		<x>29</x>
		<y>35</y>
	</gib2>
	<gib3>
		<velocity min="0.36" max="0.68" />
		<direction min="121" max="242" />
		<angular min="0.42" max="-0.42" />
		<x>27</x>
		<y>255</y>
	</gib3>
	<gib4>
		<velocity min="0.29" max="0.73" />
		<direction min="288" max="335" />
		<angular min="0.50" max="-0.50" />
		<x>240</x>
		<y>33</y>
	</gib4>
</explosion>

