<?xml version="1.0" encoding="UTF-8"?>

<!--Copyright (c) 2012 by Subset Games. All rights reserved.-->
<img x="-70" y="-39" w="600" h="400" />
<offsets>
	<floor x="63" y="34" />
	<cloak x="20" y="29" />
</offsets>
<weaponMounts>
	<mount x="450" y="266" rotate="true" mirror="true" gib="3" slide="up" />
	<mount x="450" y="134" rotate="true" mirror="false" gib="4" slide="down" />
	<mount x="502" y="63" rotate="true" mirror="false" gib="-1" slide="no" />	<!-- This is a filler weapon mount because this ship only has 2 weapon slots but artilleries start with the 5th weapon mount -->
	<mount x="502" y="334" rotate="true" mirror="false" gib="-1" slide="no" />	<!-- Same as above -->
	<mount x="502" y="63" rotate="true" mirror="false" gib="-1" slide="no" />
	<mount x="502" y="334" rotate="true" mirror="false" gib="-1" slide="no" />
</weaponMounts>
<explosion>
	<gib1>
		<velocity min="0.00" max="0.00" />
		<direction min="0" max="0" />
		<angular min="-0.21" max="0.21" />
		<x>62</x>
		<y>138</y>
	</gib1>
	<gib2>
		<velocity min="0.53" max="0.90" />
		<direction min="8" max="84" />
		<angular min="-0.39" max="0.39" />
		<x>28</x>
		<y>32</y>
	</gib2>
	<gib3>
		<velocity min="0.36" max="0.68" />
		<direction min="121" max="242" />
		<angular min="-0.42" max="0.42" />
		<x>26</x>
		<y>256</y>
	</gib3>
	<gib4>
		<velocity min="0.29" max="0.73" />
		<direction min="288" max="335" />
		<angular min="-0.50" max="0.50" />
		<x>242</x>
		<y>32</y>
	</gib4>
</explosion>

