<?xml version="1.0" encoding="UTF-8"?>

<!--Copyright (c) 2012 by Subset Games. All rights reserved.-->
<img x="-62" y="-45" w="600" h="400" />
<offsets>
	<floor x="56" y="39" />
	<cloak x="24" y="29" />
</offsets>
<weaponMounts>
	<mount x="451" y="133" rotate="true" mirror="false" gib="6" slide="down" />
	<mount x="451" y="267" rotate="true" mirror="true" gib="5" slide="up" />
	<mount x="451" y="38" rotate="true" mirror="true" gib="6" slide="up" />
	<mount x="451" y="365" rotate="true" mirror="false" gib="5" slide="down" />
</weaponMounts>
<explosion>
	<gib1>
		<velocity min="0.45" max="0.85" />
		<direction min="233" max="301" />
		<angular min="-8.42" max="8.42" />
		<x>157</x>
		<y>194</y>
	</gib1>
	<gib2>
		<velocity min="0.49" max="0.91" />
		<direction min="178" max="252" />
		<angular min="-6.30" max="6.30" />
		<x>281</x>
		<y>53</y>
	</gib2>
	<gib3>
		<velocity min="0.00" max="0.00" />
		<direction min="0" max="0" />
		<angular min="0.21" max="-0.21" />
		<x>65</x>
		<y>141</y>
	</gib3>
	<gib4>
		<velocity min="0.53" max="0.90" />
		<direction min="8" max="84" />
		<angular min="0.39" max="-0.39" />
		<x>29</x>
		<y>34</y>
	</gib4>
	<gib5>
		<velocity min="0.36" max="0.68" />
		<direction min="121" max="242" />
		<angular min="0.42" max="-0.42" />
		<x>28</x>
		<y>255</y>
	</gib5>
	<gib6>
		<velocity min="0.29" max="0.73" />
		<direction min="288" max="335" />
		<angular min="0.50" max="-0.50" />
		<x>241</x>
		<y>34</y>
	</gib6>
</explosion>

